采集优先级,稳定点位ID,原表行号,类型,名称,原表地址,现有坐标状态,现有坐标系,现有派生经度（未核验）,现有派生纬度（未核验）,原Excel坐标文本（保留）,缺失或冲突说明,现场采集要求,处理状态
P0 园区先采,warehouse_row_075,75,园区,沁水供应链园区,晋城市沁水县迎头桥东北50米(G342北),有数字坐标但未核验,UNKNOWN,112.12235,35.655438,"112.122350,35.655438",配送起点先现场采集；原数字坐标未确认坐标系；同址业务保持各自稳定ID，不按坐标或名称合并,现场GPS；精度≤100米；确认本人位于所选网点入口,待采集/核验
P1 院内地址冲突,canteen_row_022,22,后勤事业部,沁水县公安局,沁水县新建东街2509号,有数字坐标但未核验,UNKNOWN,112.20828066725963,35.68728653851681,"112.20828066725963,35.68728653851681",22/26均指公安局院内/新建东街2509号，派生旧坐标数值间距约2.723公里；分别入口现场采集,现场GPS；精度≤100米；确认本人位于所选网点入口,待采集/核验
P1 院内地址冲突,canteen_row_026,26,后勤事业部,国华办案中心,山西省晋城市沁水县龙港镇新建东街2509号（县公安局院内）,有数字坐标但未核验,UNKNOWN,112.17813207705719,35.687339848532304,"112.871836,35.492997",22/26均指公安局院内/新建东街2509号，派生旧坐标数值间距约2.723公里；分别入口现场采集；派生坐标采用用户聊天更正，原Excel C26旧值不得覆盖更正,现场GPS；精度≤100米；确认本人位于所选网点入口,待采集/核验
P1 缺地址和坐标,canteen_row_046,46,后勤事业部,沁水县水务局,,缺失,UNKNOWN,,,无,确认具体地点及入口地址，现场GPS采集；地址待补,现场GPS；精度≤100米；确认本人位于所选网点入口,待采集/核验
P1 缺地址和坐标,canteen_row_048,48,后勤事业部,沁水县总工会,,缺失,UNKNOWN,,,无,确认具体地点及入口地址，现场GPS采集；地址待补,现场GPS；精度≤100米；确认本人位于所选网点入口,待采集/核验
P1 缺地址和坐标,canteen_row_053,53,后勤事业部,A-中村煤矿,,缺失,UNKNOWN,,,无,确认具体地点及入口地址，现场GPS采集；地址待补,现场GPS；精度≤100米；确认本人位于所选网点入口,待采集/核验
P1 缺地址和坐标,canteen_row_054,54,后勤事业部,A-九鑫煤矿,,缺失,UNKNOWN,,,无,确认具体地点及入口地址，现场GPS采集；地址待补,现场GPS；精度≤100米；确认本人位于所选网点入口,待采集/核验
P1 缺地址和坐标,canteen_row_056,56,后勤事业部,A-历山,,缺失,UNKNOWN,,,无,确认具体地点及入口地址，现场GPS采集；地址待补,现场GPS；精度≤100米；确认本人位于所选网点入口,待采集/核验
P1 缺地址和坐标,canteen_row_057,57,后勤事业部,A-沁和职工餐厅,,缺失,UNKNOWN,,,无,确认具体地点及入口地址，现场GPS采集；地址待补,现场GPS；精度≤100米；确认本人位于所选网点入口,待采集/核验
P1 有地址缺坐标,canteen_row_065,65,后勤事业部,A-晋宝绿珍（二中）,山西省晋城市高平市北城街街道友谊西街19,缺失,UNKNOWN,,,暂时无法确认,地址指向高平市，确认跨县服务地点后现场采集，不强移到沁水县,现场GPS；精度≤100米；确认本人位于所选网点入口,待采集/核验
P2 门店现场采集,store_row_066,66,门店,金御府店,山西省晋城市沁水县金域府北区商铺5号6/7/8号,有数字坐标但未核验,UNKNOWN,112.192893,35.691608,"112.192893,35.691608",按各门店入口现场GPS采集,现场GPS；精度≤100米；确认本人位于所选网点入口,待采集/核验
P2 门店现场采集,store_row_067,67,门店,山水文苑店,晋城市沁水县山水文苑小区3号楼102号商铺,有数字坐标但未核验,UNKNOWN,112.23882,35.686724,"112.23882,35.686724",按各门店入口现场GPS采集,现场GPS；精度≤100米；确认本人位于所选网点入口,待采集/核验
P2 门店现场采集,store_row_068,68,门店,柳苑店,晋城市沁水县柳苑商城121/122号,有数字坐标但未核验,UNKNOWN,112.187175,35.690156,"112.187175,35.690156",按各门店入口现场GPS采集,现场GPS；精度≤100米；确认本人位于所选网点入口,待采集/核验
P2 门店现场采集,store_row_069,69,门店,示范初中店,晋城市沁水县新建西街557号,有数字坐标但未核验,UNKNOWN,112.172687,35.682562,"112.172687,35.682562",按各门店入口现场GPS采集,现场GPS；精度≤100米；确认本人位于所选网点入口,待采集/核验
P2 门店现场采集,store_row_070,70,门店,梅河店,晋城市沁水县花园路438号,有数字坐标但未核验,UNKNOWN,112.19061,35.691845,"112.19061,35.691845",按各门店入口现场GPS采集,现场GPS；精度≤100米；确认本人位于所选网点入口,待采集/核验
P2 门店现场采集,store_row_071,71,门店,丁香园店,晋城市沁水县新建东街3430号,有数字坐标但未核验,UNKNOWN,112.207356,35.688378,"112.207356,35.688378",按各门店入口现场GPS采集,现场GPS；精度≤100米；确认本人位于所选网点入口,待采集/核验
P2 门店现场采集,store_row_072,72,门店,沁水大医院店,晋城市小岭社区安康路1号(沁水县医疗集团专家公寓楼202号),有数字坐标但未核验,UNKNOWN,112.186726,35.690119,"112.186726,35.690119",按各门店入口现场GPS采集,现场GPS；精度≤100米；确认本人位于所选网点入口,待采集/核验
P2 门店现场采集,store_row_073,73,门店,山水和园店,晋城市沁水县山水和园家居建材生活港5号楼2号商业网点,有数字坐标但未核验,UNKNOWN,112.183562,35.689194,"112.183562,35.689194",按各门店入口现场GPS采集,现场GPS；精度≤100米；确认本人位于所选网点入口,待采集/核验
P2 门店现场采集,store_row_074,74,门店,总部示范店,晋城市沁水县迎头桥东北50米(G342北),有数字坐标但未核验,UNKNOWN,112.12235,35.655438,"112.122350,35.655438",按各门店入口现场GPS采集；同址业务保持各自稳定ID，不按坐标或名称合并,现场GPS；精度≤100米；确认本人位于所选网点入口,待采集/核验
P3 后勤现场采集,canteen_row_002,2,后勤事业部,樊村河日料车间,沁水县樊村河乡镇府,有数字坐标但未核验,UNKNOWN,112.110878,35.801426,"112.110878,35.801426",按具体后勤网点入口现场GPS采集,现场GPS；精度≤100米；确认本人位于所选网点入口,待采集/核验
P3 后勤现场采集,canteen_row_003,3,后勤事业部,嘉峰镇政府,沁水县嘉峰镇潘庄村,有数字坐标但未核验,UNKNOWN,112.536578,35.61063,"112.536578,35.61063",按具体后勤网点入口现场GPS采集,现场GPS；精度≤100米；确认本人位于所选网点入口,待采集/核验
P3 后勤现场采集,canteen_row_004,4,后勤事业部,胡底镇政府,沁水县坪曲线胡底乡政府,有数字坐标但未核验,UNKNOWN,112.60898,35.708014,"112.60898,35.708014",按具体后勤网点入口现场GPS采集,现场GPS；精度≤100米；确认本人位于所选网点入口,待采集/核验
P3 后勤现场采集,canteen_row_005,5,后勤事业部,柿庄镇政府,沁水县柿庄55号,有数字坐标但未核验,UNKNOWN,112.710739,35.87768,"112.710739,35.87768",按具体后勤网点入口现场GPS采集,现场GPS；精度≤100米；确认本人位于所选网点入口,待采集/核验
P3 后勤现场采集,canteen_row_006,6,后勤事业部,柿庄林业站,,有数字坐标但未核验,UNKNOWN,112.18796,35.692882,"112.18796,35.692882",按具体后勤网点入口现场GPS采集；地址待补,现场GPS；精度≤100米；确认本人位于所选网点入口,待采集/核验
P3 后勤现场采集,canteen_row_007,7,后勤事业部,河头共享食堂,沁水县河头村S331线河头村文化活动中心,有数字坐标但未核验,UNKNOWN,112.386131,35.731591,"112.386131,35.731591",按具体后勤网点入口现场GPS采集,现场GPS；精度≤100米；确认本人位于所选网点入口,待采集/核验
P3 后勤现场采集,canteen_row_008,8,后勤事业部,端氏开发区,沁水线端氏镇端氏治超办公室西南441米,有数字坐标但未核验,UNKNOWN,112.517735,35.66728,"112.517735,35.66728",按具体后勤网点入口现场GPS采集,现场GPS；精度≤100米；确认本人位于所选网点入口,待采集/核验
P3 后勤现场采集,canteen_row_009,9,后勤事业部,政府大灶,沁水县新建西街99号,有数字坐标但未核验,UNKNOWN,112.186532,35.690487,"112.186532,35.690487",按具体后勤网点入口现场GPS采集；同址业务保持各自稳定ID，不按坐标或名称合并,现场GPS；精度≤100米；确认本人位于所选网点入口,待采集/核验
P3 后勤现场采集,canteen_row_010,10,后勤事业部,政府小灶,沁水县新建西街99号,有数字坐标但未核验,UNKNOWN,112.186532,35.690487,"112.186532,35.690487",按具体后勤网点入口现场GPS采集；同址业务保持各自稳定ID，不按坐标或名称合并,现场GPS；精度≤100米；确认本人位于所选网点入口,待采集/核验
P3 后勤现场采集,canteen_row_011,11,后勤事业部,人大大灶,沁水县新建西街669号,有数字坐标但未核验,UNKNOWN,112.180657,35.687509,"112.180657,35.687509",按具体后勤网点入口现场GPS采集；同址业务保持各自稳定ID，不按坐标或名称合并,现场GPS；精度≤100米；确认本人位于所选网点入口,待采集/核验
P3 后勤现场采集,canteen_row_012,12,后勤事业部,人大小灶,沁水县新建西街669号,有数字坐标但未核验,UNKNOWN,112.180657,35.687509,"112.180657,35.687509",按具体后勤网点入口现场GPS采集；同址业务保持各自稳定ID，不按坐标或名称合并,现场GPS；精度≤100米；确认本人位于所选网点入口,待采集/核验
P3 后勤现场采集,canteen_row_013,13,后勤事业部,龙港镇政府,沁水县新建西街1515号,有数字坐标但未核验,UNKNOWN,112.172667,35.683611,"112.172667,35.683611",按具体后勤网点入口现场GPS采集,现场GPS；精度≤100米；确认本人位于所选网点入口,待采集/核验
P3 后勤现场采集,canteen_row_014,14,后勤事业部,东安食堂,沁水县龙岗路129号,有数字坐标但未核验,UNKNOWN,112.195218,35.690434,"112.195218,35.690434",按具体后勤网点入口现场GPS采集,现场GPS；精度≤100米；确认本人位于所选网点入口,待采集/核验
P3 后勤现场采集,canteen_row_015,15,后勤事业部,杨河食堂,沁水县滨河南路30号,有数字坐标但未核验,UNKNOWN,112.243848,35.68647,"112.243848,35.68647",按具体后勤网点入口现场GPS采集,现场GPS；精度≤100米；确认本人位于所选网点入口,待采集/核验
P3 后勤现场采集,canteen_row_016,16,后勤事业部,交通运输事业发展中心,沁水县331省道山水和园对面,有数字坐标但未核验,UNKNOWN,112.86075,35.478505,"112.86075,35.478505",按具体后勤网点入口现场GPS采集,现场GPS；精度≤100米；确认本人位于所选网点入口,待采集/核验
P3 后勤现场采集,canteen_row_017,17,后勤事业部,梁庄食堂,沁水县臻相农业科技有限公司,有数字坐标但未核验,UNKNOWN,112.110707,35.655321,"112.110707,35.655321",按具体后勤网点入口现场GPS采集,现场GPS；精度≤100米；确认本人位于所选网点入口,待采集/核验
P3 后勤现场采集,canteen_row_018,18,后勤事业部,沁水农林投食堂,沁水县杨河新路梅杏市场内,有数字坐标但未核验,UNKNOWN,112.193757,35.689357,"112.193757,35.689357",按具体后勤网点入口现场GPS采集,现场GPS；精度≤100米；确认本人位于所选网点入口,待采集/核验
P3 后勤现场采集,canteen_row_019,19,后勤事业部,恒达城市开发投资,沁水县日凤县移民小区西北侧90米,有数字坐标但未核验,UNKNOWN,112.163033,35.679437,"112.163033,35.679437",按具体后勤网点入口现场GPS采集,现场GPS；精度≤100米；确认本人位于所选网点入口,待采集/核验
P3 后勤现场采集,canteen_row_020,20,后勤事业部,苏庄大食堂,沁水县 苏庄派出所,有数字坐标但未核验,UNKNOWN,112.476,35.462169,"112.476,35.462169",按具体后勤网点入口现场GPS采集,现场GPS；精度≤100米；确认本人位于所选网点入口,待采集/核验
P3 后勤现场采集,canteen_row_021,21,后勤事业部,沁水县人民医院,沁水县人民医院,有数字坐标但未核验,UNKNOWN,112.231395,35.681623,"112.231395,35.681623",按具体后勤网点入口现场GPS采集,现场GPS；精度≤100米；确认本人位于所选网点入口,待采集/核验
P3 后勤现场采集,canteen_row_023,23,后勤事业部,龙港镇派出所,,有数字坐标但未核验,UNKNOWN,112.179033,35.686548,"112.179033,35.686548",按具体后勤网点入口现场GPS采集；地址待补,现场GPS；精度≤100米；确认本人位于所选网点入口,待采集/核验
P3 后勤现场采集,canteen_row_024,24,后勤事业部,端氏镇派出所,山西省晋城市沁水县端氏镇端氏村新南街027号,有数字坐标但未核验,UNKNOWN,112.51714,35.665986,"112.51714,35.665986",按具体后勤网点入口现场GPS采集,现场GPS；精度≤100米；确认本人位于所选网点入口,待采集/核验
P3 后勤现场采集,canteen_row_025,25,后勤事业部,嘉峰镇派出所,山西省晋城市沁水县嘉峰镇潘庄村正西140米,有数字坐标但未核验,UNKNOWN,112.535429,35.610323,"112.535429,35.610323",按具体后勤网点入口现场GPS采集,现场GPS；精度≤100米；确认本人位于所选网点入口,待采集/核验
P3 后勤现场采集,canteen_row_027,27,后勤事业部,中村派出所,山西省晋城市沁水县中村镇新建东路18号（中村政府旁）,有数字坐标但未核验,UNKNOWN,111.997508,35.564539,"111.997508,35.564539",按具体后勤网点入口现场GPS采集,现场GPS；精度≤100米；确认本人位于所选网点入口,待采集/核验
P3 后勤现场采集,canteen_row_028,28,后勤事业部,郑庄派出所,山西省晋城市沁水县郑庄镇郑庄村后场2号（坪曲线与郑王线交叉口南约40米）,有数字坐标但未核验,UNKNOWN,112.393976,35.733153,"112.393976,35.733153",按具体后勤网点入口现场GPS采集,现场GPS；精度≤100米；确认本人位于所选网点入口,待采集/核验
P3 后勤现场采集,canteen_row_029,29,后勤事业部,郑村派出所,山西省晋城市沁水县郑村镇肖庄村88号,有数字坐标但未核验,UNKNOWN,112.581807,35.605593,"112.581807,35.605593",按具体后勤网点入口现场GPS采集,现场GPS；精度≤100米；确认本人位于所选网点入口,待采集/核验
P3 后勤现场采集,canteen_row_030,30,后勤事业部,胡底派出所,山西省晋城市沁水县胡底乡桃弯街（331省道南50米）,有数字坐标但未核验,UNKNOWN,112.622913,35.705256,"112.622913,35.705256",按具体后勤网点入口现场GPS采集,现场GPS；精度≤100米；确认本人位于所选网点入口,待采集/核验
P3 后勤现场采集,canteen_row_031,31,后勤事业部,柿庄派出所,山西省晋城市沁水县柿庄镇北固线（镇政府附近）,有数字坐标但未核验,UNKNOWN,112.704804,35.875531,"112.704804,35.875531",按具体后勤网点入口现场GPS采集,现场GPS；精度≤100米；确认本人位于所选网点入口,待采集/核验
P3 后勤现场采集,canteen_row_032,32,后勤事业部,十里派出所,山西省晋城市沁水县十里乡河北村南窑上（754县道旁，定中线西米十字路口东北侧）,有数字坐标但未核验,UNKNOWN,112.602622,35.931869,"112.602622,35.931869",按具体后勤网点入口现场GPS采集,现场GPS；精度≤100米；确认本人位于所选网点入口,待采集/核验
P3 后勤现场采集,canteen_row_033,33,后勤事业部,张村派出所,山西省晋城市沁水县张村乡张村村（定中线旁，乡政府西南约100米）,有数字坐标但未核验,UNKNOWN,112.196568,35.578468,"112.196568,35.578468",按具体后勤网点入口现场GPS采集,现场GPS；精度≤100米；确认本人位于所选网点入口,待采集/核验
P3 后勤现场采集,canteen_row_034,34,后勤事业部,土沃派出所,山西省晋城市沁水县土沃乡土沃村008号,有数字坐标但未核验,UNKNOWN,112.113223,35.550361,"112.113223,35.550361",按具体后勤网点入口现场GPS采集,现场GPS；精度≤100米；确认本人位于所选网点入口,待采集/核验
P3 后勤现场采集,canteen_row_035,35,后勤事业部,固县派出所,山西省晋城市沁水县固县乡黑东线，固县乡政府正西120米（乡富铭小区西侧100米）,有数字坐标但未核验,UNKNOWN,112.601037,35.788075,"112.601037,35.788075",按具体后勤网点入口现场GPS采集,现场GPS；精度≤100米；确认本人位于所选网点入口,待采集/核验
P3 后勤现场采集,canteen_row_036,36,后勤事业部,梁庄幸福食堂,沁水县三三四省道梁庄村内,有数字坐标但未核验,UNKNOWN,112.943671,35.785743,"112.943671,35.785743",按具体后勤网点入口现场GPS采集,现场GPS；精度≤100米；确认本人位于所选网点入口,待采集/核验
P3 后勤现场采集,canteen_row_037,37,后勤事业部,工信局食堂,沁水县新建西街树理文化广场东北侧40米,有数字坐标但未核验,UNKNOWN,112.185119,35.688454,"112.185119,35.688454",按具体后勤网点入口现场GPS采集,现场GPS；精度≤100米；确认本人位于所选网点入口,待采集/核验
P3 后勤现场采集,canteen_row_038,38,后勤事业部,上川村森林消防食堂,沁水县上川村河东1号,有数字坐标但未核验,UNKNOWN,112.01876767473388,35.45031452470219,"112.01876767473388,35.45031452470219",按具体后勤网点入口现场GPS采集；原重复坐标已按用户更正分开，仍未确认坐标系,现场GPS；精度≤100米；确认本人位于所选网点入口,待采集/核验
P3 后勤现场采集,canteen_row_039,39,后勤事业部,固县森林消防食堂,沁水县固县乡中条山国有林管理局固县林场东,有数字坐标但未核验,UNKNOWN,112.60077006368422,35.78966055838818,"112.60077006368422,35.78966055838818",按具体后勤网点入口现场GPS采集；原重复坐标已按用户更正分开，仍未确认坐标系,现场GPS；精度≤100米；确认本人位于所选网点入口,待采集/核验
P3 后勤现场采集,canteen_row_040,40,后勤事业部,森林消防总队,沁水县北坛南路485号,有数字坐标但未核验,UNKNOWN,112.17978,35.696581,"112.17978,35.696581",按具体后勤网点入口现场GPS采集,现场GPS；精度≤100米；确认本人位于所选网点入口,待采集/核验
P3 后勤现场采集,canteen_row_041,41,后勤事业部,环保局食堂,山西省晋城市沁水县端氏镇端氏外环路汽车站旁,有数字坐标但未核验,UNKNOWN,112.52369993858287,35.678175537089245,"112.52369993858287,35.678175537089245",按具体后勤网点入口现场GPS采集,现场GPS；精度≤100米；确认本人位于所选网点入口,待采集/核验
P3 后勤现场采集,canteen_row_042,42,后勤事业部,开发区李庄园区食堂,山西省晋城市沁水县柿庄镇嘉沁农业公司柿庄应郭园区,有数字坐标但未核验,UNKNOWN,112.63827950830773,35.82103538519251,"112.63827950830773,35.82103538519251",按具体后勤网点入口现场GPS采集,现场GPS；精度≤100米；确认本人位于所选网点入口,待采集/核验
P3 后勤现场采集,canteen_row_043,43,后勤事业部,应急管理局食堂,山西省晋城市沁水县龙港镇新建东街482,有数字坐标但未核验,UNKNOWN,112.19311516485796,35.68933298786157,"112.19311516485796,35.68933298786157",按具体后勤网点入口现场GPS采集,现场GPS；精度≤100米；确认本人位于所选网点入口,待采集/核验
P3 后勤现场采集,canteen_row_044,44,后勤事业部,Z-固县镇政府,,有数字坐标但未核验,UNKNOWN,112.601961,35.791,"112.601961,35.791",按具体后勤网点入口现场GPS采集；地址待补,现场GPS；精度≤100米；确认本人位于所选网点入口,待采集/核验
P3 后勤现场采集,canteen_row_045,45,后勤事业部,z-郑庄镇政府,沁水县郑庄村郑庄镇政府,有数字坐标但未核验,UNKNOWN,112.394764,35.731992,"112.394764,35.731992",按具体后勤网点入口现场GPS采集,现场GPS；精度≤100米；确认本人位于所选网点入口,待采集/核验
P3 后勤现场采集,canteen_row_047,47,后勤事业部,沁水县行政审批服务管理局,,有数字坐标但未核验,UNKNOWN,112.219705,35.686961,"112.219705,35.686961",按具体后勤网点入口现场GPS采集；地址待补,现场GPS；精度≤100米；确认本人位于所选网点入口,待采集/核验
P3 后勤现场采集,canteen_row_049,49,后勤事业部,山西明源集团沁泽焦化有限公司,,有数字坐标但未核验,UNKNOWN,111.990806,35.564932,"111.990806,35.564932",按具体后勤网点入口现场GPS采集；地址待补,现场GPS；精度≤100米；确认本人位于所选网点入口,待采集/核验
P3 后勤现场采集,canteen_row_050,50,后勤事业部,沁水县东关小学,山西省晋城市沁水县龙港镇新建东街1111,有数字坐标但未核验,UNKNOWN,112.19962994219726,35.690161944853685,"112.19962994219726,35.690161944853685",按具体后勤网点入口现场GPS采集,现场GPS；精度≤100米；确认本人位于所选网点入口,待采集/核验
P3 后勤现场采集,canteen_row_051,51,后勤事业部,沁水县示范初级中学校,山西省晋城市沁水县龙港镇新建西街575号,有数字坐标但未核验,UNKNOWN,112.18147378894324,35.688374039296,"112.18147378894324,35.688374039296",按具体后勤网点入口现场GPS采集,现场GPS；精度≤100米；确认本人位于所选网点入口,待采集/核验
P3 后勤现场采集,canteen_row_052,52,后勤事业部,沁水县住房和城乡建设管理局,山西省晋城市沁水县龙港镇新建西街511,有数字坐标但未核验,UNKNOWN,112.1822618251066,35.68849261431687,"112.1822618251066,35.68849261431687",按具体后勤网点入口现场GPS采集,现场GPS；精度≤100米；确认本人位于所选网点入口,待采集/核验
P3 后勤现场采集,canteen_row_055,55,后勤事业部,A-柳氏民居,山西省晋城市沁水县土沃乡西文兴村柳氏民居景区西北约247米,有数字坐标但未核验,UNKNOWN,112.1479798639946,35.562295337420686,"112.1479798639946,35.562295337420686",按具体后勤网点入口现场GPS采集,现场GPS；精度≤100米；确认本人位于所选网点入口,待采集/核验
P3 后勤现场采集,canteen_row_058,58,后勤事业部,A-郑庄幼儿园,沁水县S80陵侯告诉出口与S80陵侯高速交叉口南500米,有数字坐标但未核验,UNKNOWN,112.252301,35.664737,"112.252301,35.664737",按具体后勤网点入口现场GPS采集,现场GPS；精度≤100米；确认本人位于所选网点入口,待采集/核验
P3 后勤现场采集,canteen_row_059,59,后勤事业部,A-郑庄初中,沁水县郑庄镇郑庄村郑庄中学,有数字坐标但未核验,UNKNOWN,112.39568,35.73037,"112.39568,35.73037",按具体后勤网点入口现场GPS采集,现场GPS；精度≤100米；确认本人位于所选网点入口,待采集/核验
P3 后勤现场采集,canteen_row_060,60,后勤事业部,A-郑庄小学,沁水县S331与郑王线交叉路口,有数字坐标但未核验,UNKNOWN,112.393927,35.73356,"112.393927,35.73356",按具体后勤网点入口现场GPS采集,现场GPS；精度≤100米；确认本人位于所选网点入口,待采集/核验
P3 后勤现场采集,canteen_row_061,61,后勤事业部,A-东大小学,沁水县郑庄镇东大村东大小学,有数字坐标但未核验,UNKNOWN,112.440246,35.718885,"112.440246,35.718885",按具体后勤网点入口现场GPS采集,现场GPS；精度≤100米；确认本人位于所选网点入口,待采集/核验
P3 后勤现场采集,canteen_row_062,62,后勤事业部,A-职中（晋宝绿珍）,沁水县沁东线职业中学,有数字坐标但未核验,UNKNOWN,112.14925,35.668171,"112.14925,35.668171",按具体后勤网点入口现场GPS采集,现场GPS；精度≤100米；确认本人位于所选网点入口,待采集/核验
P3 后勤现场采集,canteen_row_063,63,后勤事业部,A-龙港初中,沁水县沁东线龙港初中,有数字坐标但未核验,UNKNOWN,112.153655,35.67067,"112.153655,35.67067",按具体后勤网点入口现场GPS采集,现场GPS；精度≤100米；确认本人位于所选网点入口,待采集/核验
P3 后勤现场采集,canteen_row_064,64,后勤事业部,A-新乐幼儿园,沁水县新建西街46号,有数字坐标但未核验,UNKNOWN,112.187174,35.688769,"112.187174,35.688769",按具体后勤网点入口现场GPS采集,现场GPS；精度≤100米；确认本人位于所选网点入口,待采集/核验
